Panda Express,Asian,Chinese,Fast Casual,Affordable
Church's,Affordable,Pollotarian,Fried Chicken,Fast Food
Dominos,Pizza,Affordable,Chicken Wings,Customizable,Gluten-Free Friendly
Olive Garden,Italian,Soup,Salad,Casual Dining,Alcohol Available
Pizza Hut,Pizza,Affordable,Chicken Wings,Customizable
PopEyes,Affordable,Pollotarian,Fried Chicken,Fast Food
McDonalds,Fast Food,Affordable,Burgers
Sonic,Fast Food,Affordable,Burgers
Burger King,Fast Food,Affordable,Burgers
Salata,Fast Casual,Healthy,Salad,Customizable,Vegetarian,Vegan,Gluten-Free Friendly
Subway,Deli,Fast Food,Customizable
Wendy's,Fast Food,Affordable,Burgers
Panera Bread,Fast Casual,Soup,Salad,Bakery
Noodles & Co.,Fast Casual,Soup,Salad,Customizable
Chipotle,Mexican,Fast Casual,Customizable
Tender Greens,Healthy,Salad,Vegetarian,Fast Casual,Customizable,Vegan
Sweetgreens,Healthy,Salad,Vegetarian,Fast Casual,Customizable,Vegan
In n Out,Affordable,Fast Food,Burgers
Shake Shack,Fast Food,Burgers
Taco Bell,Mexican,Affordable,Fast Food
Blaze Pizza,Pizza,Italian,Fast Casual,Customizable,Gluten-Free Friendly,Alcohol Available
Chick-fil-A,Fast Food,Pollotarian,Affordable
KFC,Fast Food,Pollotarian,Fried Chicken,Affordable
Buffalo Wild Wings,American,Chicken Wings,Casual Dining,Alcohol Available
Pluckers,American,Chicken Wings,Casual Dining,Alcohol Available
Hooters,American,Chicken Wings,Casual Dining,Alcohol Available
Chili's,American,Casual Dining,Alcohol Available
Papa John's,Pizza,Affordable,Chicken Wings,Customizable,Gluten-Free Friendly
IHOP,Breakfast,American,Casual Dining
Denny's,Breakfast,American,Casual Dining
Texas Roadhouse,Steak,American,Alcohol Available
Outback Steakhouse,American,Steak,Alcohol Available
Cane's,Fast Casual,Fried Chicken,Affordable
Red Lobster,Seafood,Casual Dining,Alcohol Available
Wingstop,Chicken Wings,Alcohol Available
Waffle House,Breakfast,American,Casual Dining,Affordable
Five Guys,Fast Food,Burgers
Qdoba,Fast Casual,Mexican,Customizable
Flower Child,Healthy,Gluten-Free Friendly,Salad,Vegan,Vegetarian,Alcohol Available
Potbelly,Deli,Customizable,Soup
Whichwich,Deli,Customizable
La Madeleine,French,Casual Dining,Cafe,Soup,Salad,Bakery,Alcohol Available
Cava,Mediterranean,Fast Casual,Customizable
Jinya,Ramen,Asian,Japanese,Casual Dining,Alcohol Available
Kura,Japanese,Sushi,Asian,Affordable,Seafood
Maggiano's,Italian,Soup,Salad,Casual Dining,Alcohol Available
Pappadeaux's,Seafood,Casual Dining,Alcohol Available,Steak
Long John Silver's,Seafood,Fast Food,Affordable
Pho Hua,Asian,Vietnamese,Casual Dining
Starbucks,Cafe,Bakery
BJ's,American,Casual Dining,Alcohol Available