Affordable,Specific
Alcohol Available,Specific
American,Generic
Asian,Generic
Bakery,Specific
Breakfast,Specific
Burgers,Specific
Cafe,Specific
Casual Dining,Specific
Chicken Wings,Specific
Chinese,Generic
Customizable,Specific
Deli,Specific
Fast Casual,Specific
Fast Food,Specific
French,Generic
Fried Chicken,Specific
Gluten-Free Friendly,Specific
Healthy,Specific
Italian,Generic
Japanese,Generic
Mediterranean,Generic
Mexican,Generic
Pizza,Specific
Pollotarian,Specific
Ramen,Specific
Salad,Specific
Seafood,Specific
Soup,Specific
Steak,Specific
Sushi,Specific
Vegan,Specific
Vegetarian,Specific
Vietnamese,Generic